ml_type,tr_size,te_size,sigma,mae,time
CM,500,500,1000.0,43.85581118438912,10.36867
L-JM,500,500,1000.0,23.306555762464523,10.6035533
CM,1000,500,1000.0,35.99848579852107,29.508385399999998
L-JM,1000,500,1000.0,16.234721245433807,29.9137466
CM,1500,500,1000.0,31.535353227520467,57.493393
L-JM,1500,500,1000.0,14.212853687139276,58.378428799999995
